Symbol,open,52_wk_low,52_wk_hi,volume,avg_volume,market_cap,PE_ratio,EPS_ratio,target
MMM,186.03,114.04,189.63,3232604.0,2691181.0,109728000000.0,20.48,9.25,Overvalued
ABT,117.19,61.61,128.54,4044983.0,4985537.0,209218000000.0,47.18,2.5,Undervalued
ABBV,108.67,62.55,113.41,6558661.0,7065142.0,194706000000.0,40.54,2.72,Overvalued
ABMD,300.85,119.01,387.4,201326.0,345525.0,13894000000.0,70.02,4.39,Undervalued
ACN,263.69,137.15,271.18,2291210.0,2044428.0,176034000000.0,32.77,8.12,Overvalued
ATVI,92.87,50.51,104.53,3013327.0,5846123.0,71723000000.0,32.83,2.82,Undervalued
ADBE,444.4,255.13,536.88,2508699.0,2632633.0,214542000000.0,41.33,10.83,Undervalued
AMD,81.91,36.75,99.23,38096433.0,43073091.0,99934000000.0,39.97,2.06,Undervalued
AAP,179.06,71.33,181.85,961582.0,1057722.0,11905000000.0,25.45,7.14,Undervalued
AES,28.38,8.11,29.07,4336933.0,7089611.0,19041000000.0,445.31,0.06,Overvalued
AFL,51.84,23.07,52.23,2790127.0,3867179.0,35903000000.0,7.82,6.67,Undervalued
A,120.92,62.09,136.98,1226982.0,1761025.0,37795000000.0,47.76,2.6,Overvalued
APD,272.74,173.91,327.89,721518.0,1246989.0,60400000000.0,32.07,8.51,Overvalued
AKAM,98.61,81.8,124.91,1572655.0,2205313.0,16320000000.0,29.67,3.37,Undervalued
ALK,69.44,20.02,72.62,3690577.0,1867903.0,8942000000.0,,-10.73,Overvalued
ALB,156.08,48.89,188.35,678509.0,1976718.0,18525000000.0,45.12,3.52,Overvalued
ARE,163.47,109.22,179.79,846566.0,1030481.0,22735000000.0,27.67,6.01,Undervalued
ALXN,151.59,75.57,162.6,2367278.0,3017306.0,33456000000.000004,55.95,2.72,Undervalued
ALGN,551.09,127.88,634.46,733629.0,585757.0,44223000000.0,24.94,22.41,Undervalued
ALLE,116.52,77.37,121.33,1374101.0,703638.0,10718000000.0,34.85,3.39,Overvalued
LNT,51.32,37.66,58.1,3110787.0,1285745.0,13167000000.0,21.33,2.47,Overvalued
ALL,115.68,64.13,117.3,2110322.0,1886103.0,35518000000.0,6.77,17.31,Undervalued
GOOGL,2044.97,1008.87,2145.14,1310741.0,1811540.0,1389000000000.0,35.05,58.61,Overvalued
GOOG,2062.3,1013.54,2152.68,1298325.0,1605525.0,1389000000000.0,35.26,58.61,Overvalued
MO,49.07,30.95,49.95,11847049.0,8859828.0,92637000000.0,20.77,2.4,Overvalued
AMZN,3074.57,1689.24,3552.25,2918592.0,3737623.0,1552000000000.0,73.67,41.83,Undervalued
AMCR,11.65,5.82,12.4,7155036.0,5981171.0,18369000000.0,37.57,0.31,Overvalued
AEE,77.55,58.74,86.9,1596772.0,1703586.0,19969000000.0,22.52,3.5,Overvalued
AAL,24.55,8.25,25.94,94133688.0,58617933.0,16101000000.0,,-18.36,Overvalued
AEP,81.06,65.14,95.77,3209478.0,3153498.0,40865000000.0,18.62,4.42,Overvalued
AXP,148.04,67.0,151.46,2578977.0,3812288.0,118414000000.0,38.99,3.77,Overvalued
AIG,48.07,16.07,48.92,2994026.0,4794705.0,41804000000.0,,-6.88,Overvalued
AMT,215.7,174.32,272.2,1849147.0,2315861.0,97093000000.0,57.65,3.79,Overvalued
AWK,139.5,92.0,172.56,1262290.0,1050289.0,25458000000.0,35.88,3.91,Overvalued
AMP,226.13,80.01,233.91,935603.0,698418.0,26635000000.0,18.7,12.2,Overvalued
ABC,113.14,72.06,114.01,659347.0,1202418.0,23308000000.0,,-15.76,Overvalued
AME,121.29,54.82,125.81,1096664.0,964289.0,28309000000.0,32.57,3.77,Overvalued
AMGN,230.0,177.05,276.69,2911063.0,2547061.0,136282000000.00002,19.17,12.31,Undervalued
APH,64.09,31.52,69.1,2514812.0,2726113.0,39454000000.0,33.68,1.96,Overvalued
ADI,149.62,79.08,164.4,2113191.0,2884023.0,55703000000.0,40.04,3.77,Overvalued
ANSS,314.77,203.71,413.19,442446.0,492367.0,28256000000.0,65.54,4.97,Overvalued
ANTM,343.14,171.03,344.28,1366322.0,1282698.0,83956000000.0,19.07,17.98,Undervalued
AON,227.5,143.93,235.88,1543835.0,1634952.0,50959000000.0,26.67,8.45,Undervalued
AOS,64.23,33.81,65.83,881149.0,1201500.0,10547000000.0,30.79,2.12,Overvalued
APA,21.29,3.8,23.85,6561801.0,9038757.0,8135000000.0,,-12.86,Overvalued
AAPL,121.41,53.15,145.09,92590555.0,111527549.0,2081999999999.9998,33.63,3.69,Overvalued
AMAT,114.63,36.64,124.5,7068801.0,8048854.0,105421000000.0,27.48,4.18,Undervalued
APTV,150.57,29.22,160.14,1128128.0,1888835.0,41268000000.0,22.93,6.66,Undervalued
ADM,58.55,28.92,59.12,2696305.0,2628344.0,32555999999.999996,18.51,3.15,Overvalued
ANET,280.89,156.63,326.6,482156.0,614316.0,21879000000.0,35.87,7.99,Overvalued
AJG,126.1,65.09,129.12,686583.0,827510.0,24646000000.0,30.29,4.2,Overvalued
AIZ,136.3,76.27,143.67,374441.0,482110.0,8000000000.0,19.76,6.99,Overvalued
T,30.02,26.08,34.06,42387067.0,45446276.0,213654000000.0,,-0.75,Overvalued
ATO,91.99,77.92,111.34,749201.0,1053779.0,11943000000.0,18.11,5.15,Overvalued
ADSK,267.98,125.38,321.13,821567.0,1438023.0,60034000000.0,50.19,5.44,Overvalued
ADP,182.77,103.11,189.32,2484535.0,1838362.0,80915000000.0,32.77,5.77,Overvalued
AZO,1283.44,684.91,1297.92,171445.0,249638.0,28732000000.0,16.37,79.1,Undervalued
AVB,190.57,118.17,195.46,722694.0,936850.0,26987000000.0,32.82,5.89,Overvalued
AVY,180.38,76.96,186.77,416959.0,504979.0,15276000000.0,27.84,6.61,Overvalued
BKR,24.58,9.12,25.64,5931513.0,6735900.0,25198000000.0,,,Undervalued
BLL,84.41,51.26,102.76,2071650.0,1678289.0,28005000000.0,48.52,1.76,Overvalued
BAC,38.03,17.95,38.18,50194917.0,53067496.0,325679000000.0,20.19,1.87,Overvalued
BK,46.69,26.4,46.9,3660059.0,5849189.0,40945000000.0,12.19,3.83,Overvalued
BAX,78.01,69.69,95.19,1449824.0,2654554.0,39737000000.0,36.93,2.13,Overvalued
BDX,238.39,197.75,284.97,1099059.0,1323886.0,69955000000.0,45.81,5.26,Overvalued
BRK.B,260.31,159.5,267.5,6947115.0,5531706.0,587826000000.0,0.01,26667.81,Overvalued
BBY,111.49,48.11,124.89,3338832.0,2823544.0,29499000000.0,16.65,6.84,Undervalued
BIO,562.47,309.38,689.0,151967.0,232755.0,17208000000.0,4.51,126.2,Undervalued
BIIB,268.02,223.25,363.92,2830150.0,1310189.0,39627000000.0,10.49,24.8,Overvalued
BLK,720.71,323.98,788.0,526784.0,716489.0,109745000000.0,22.57,31.85,Overvalued
BA,274.15,89.0,278.57,33837460.0,14997727.0,155032000000.0,,-20.88,Overvalued
BKNG,2412.76,1107.29,2450.26,455062.0,383872.0,99926000000.0,1694.1,1.44,Overvalued
BWA,50.43,17.0,50.6,1789466.0,2600176.0,12083000000.0,21.6,2.34,Overvalued
BXP,107.44,69.69,110.36,856011.0,1212201.0,16677000000.0,19.32,5.54,Overvalued
BSX,39.0,24.1,42.37,7046169.0,10457520.0,55799000000.0,15.12,,Overvalued
BMY,60.66,45.76,67.16,10950517.0,12137323.0,137543000000.0,,-3.99,Overvalued
AVGO,455.18,155.67,495.14,3129937.0,1879574.0,192181000000.0,54.44,8.65,Overvalued
BR,143.53,81.9,158.36,362523.0,601815.0,16952000000.000002,33.08,4.43,Overvalued
BF.B,71.91,44.68,83.4,473857.0,841505.0,33722000000.0,38.1,1.9,Overvalued
CHRW,96.05,58.25,106.75,739561.0,1135371.0,13009000000.0,26.13,3.72,Overvalued
COG,18.8,13.16,22.67,4838591.0,5782420.0,7573000000.0,37.92,0.5,Overvalued
CDNS,125.62,51.39,149.08,1240679.0,1762684.0,36096000000.0,61.32,2.11,Overvalued
CPB,48.2,40.7,57.54,1770355.0,2378179.0,14423000000.0,17.91,2.66,Overvalued
COF,132.5,38.0,134.7,3208127.0,3389744.0,60895000000.0,25.58,5.18,Undervalued
CAH,57.26,39.05,59.46,1523136.0,1932766.0,17033000000.000002,12.33,4.7,Undervalued
KMX,133.47,37.59,136.34,1016121.0,1569100.0,21837000000.0,29.52,4.55,Overvalued
CCL,28.98,7.8,30.12,52297544.0,42204022.0,34460000000.0,,-13.21,Overvalued
CARR,39.22,11.5,41.94,3636484.0,5130545.0,34424000000.0,,,Overvalued
CTLT,105.89,31.04,127.68,786362.0,994925.0,18158000000.0,59.1,1.8,Overvalued
CAT,228.87,90.64,231.8,4119291.0,3109559.0,125823000000.0,42.26,5.46,Overvalued
CBOE,103.71,72.01,107.12,377230.0,797761.0,11236000000.0,23.01,4.55,Overvalued
CBRE,79.04,29.17,82.05,1556336.0,1895033.0,27039000000.0,36.29,2.22,Overvalued
CDW,159.69,73.39,162.73,504504.0,858371.0,22738000000.0,29.59,5.45,Undervalued
CE,147.43,52.7,152.6,654070.0,854481.0,16658999999.999998,8.71,16.75,Overvalued
CNC,63.0,43.96,74.7,2262229.0,3834076.0,36524000000.0,20.13,3.12,Undervalued
CNP,22.05,11.58,25.39,4399243.0,4673020.0,12449000000.0,,-1.79,Overvalued
CERN,71.65,53.08,84.2,3226895.0,2270937.0,22170000000.0,28.72,2.52,Overvalued
CF,49.56,19.73,51.24,1844763.0,2326298.0,10896000000.0,34.61,1.47,Overvalued
SCHW,67.39,28.01,68.21,6856439.0,8547923.0,124874000000.0,31.29,2.12,Overvalued
CHTR,624.42,345.67,681.71,1149366.0,1223706.0,121082000000.0,40.58,15.4,Overvalued
CVX,111.53,51.6,112.7,10466102.0,11379674.0,212383000000.0,,-2.96,Overvalued
CMG,1457.0,415.0,1564.91,197351.0,297540.0,41811000000.0,118.66,12.52,Overvalued
CB,175.03,87.35,176.4,1350523.0,1645637.0,78429000000.0,22.36,7.79,N/A
CHD,83.55,59.36,98.96,1510448.0,1365030.0,20318000000.0,26.57,3.12,Overvalued
CI,243.37,118.5,247.63,1952492.0,1928286.0,86062000000.0,10.69,22.96,Undervalued
CINF,107.15,46.07,108.97,727334.0,959244.0,17560000000.0,14.54,7.49,Undervalued
CTAS,358.0,154.33,369.2,526570.0,488586.0,36929000000.0,39.44,8.91,Overvalued
CSCO,48.9,33.31,49.44,14720529.0,20401886.0,208599000000.0,20.67,2.39,Undervalued
C,75.51,32.0,75.59,18821118.0,20606505.0,154921000000.0,15.72,4.72,N/A
CFG,45.46,14.12,46.97,4590574.0,4634659.0,19104000000.0,20.24,2.22,N/A
CTXS,133.22,111.26,173.56,811654.0,1460213.0,16596000000.0,33.74,4.0,N/A
CLX,189.75,161.11,239.87,748426.0,1694883.0,23707000000.0,19.72,9.56,N/A
CME,209.08,131.8,216.75,1439433.0,1827125.0,75065000000.0,35.62,5.87,N/A
CMS,57.77,46.03,67.98,2247055.0,1939052.0,16902999999.999998,22.16,2.64,N/A
KO,50.5,36.27,54.93,13414078.0,18299793.0,219904000000.0,28.51,1.79,N/A
CTSH,77.28,40.01,82.73,2994970.0,2883003.0,42062000000.0,30.84,2.57,N/A
CL,76.04,58.49,86.41,4860418.0,4549632.0,64218999999.99999,24.1,3.14,N/A
CMCSA,57.23,31.71,57.7,14733530.0,18109523.0,263524999999.99997,25.23,2.28,N/A
CMA,70.75,24.28,73.73,1445191.0,1381593.0,9775000000.0,21.46,3.27,Overvalued
CAG,37.17,24.54,39.34,2513127.0,3891276.0,18239000000.0,16.44,2.27,Overvalued
COP,57.89,20.84,61.14,9826210.0,10881166.0,78791000000.0,,-2.51,Overvalued
ED,71.26,62.03,94.63,3075774.0,2822089.0,24593000000.0,21.9,3.28,Overvalued
STZ,229.91,104.28,242.62,567633.0,1152874.0,44141000000.0,22.18,10.36,Undervalued
COO,376.3,236.68,401.92,301526.0,266432.0,19023000000.0,8.53,45.38,Overvalued
CPRT,109.87,55.69,130.96,551977.0,1199288.0,26193000000.0,37.56,2.95,Undervalued
GLW,40.76,17.44,41.62,8187115.0,4500474.0,31956000000.0,77.02,0.54,Overvalued
CTVA,46.86,20.38,47.67,2719039.0,3470042.0,34844000000.0,,-1.28,Overvalued
COST,333.6,278.42,393.15,3244291.0,2885084.0,146262000000.0,33.8,9.78,Overvalued
CCI,158.24,114.18,180.0,2636076.0,2430516.0,69674000000.0,68.74,2.35,Overvalued
CSX,93.65,46.81,97.54,2715013.0,3749886.0,71279000000.0,25.97,3.6,Overvalued
CMI,273.37,101.03,276.0,933692.0,1048730.0,40752000000.0,22.98,12.01,Undervalued
CVS,73.89,52.04,77.23,7141300.0,6931259.0,98312000000.0,13.72,5.46,Undervalued
DHI,81.15,25.51,85.0,2796504.0,3212576.0,30449000000.0,11.32,7.4,Undervalued
DHR,215.2,119.6,248.86,1759118.0,2539481.0,154548000000.0,44.42,4.89,Overvalued
DRI,146.57,26.15,147.93,1122018.0,1411725.0,19059000000.0,,-0.92,Overvalued
DVA,107.88,62.2,125.28,317690.0,784840.0,11859000000.0,17.26,6.31,Undervalued
DE,369.09,106.14,374.69,2004421.0,1750950.0,117342000000.0,34.25,10.93,N/A
DAL,50.86,17.51,52.28,19700788.0,13046693.0,32539000000.0,,-19.49,N/A
XRAY,62.76,31.58,64.25,1403548.0,1540596.0,13997000000.0,,-0.38,N/A
DVN,24.23,4.7,26.13,10402729.0,13860530.0,16565000000.000002,,-7.12,N/A
DXCM,353.76,182.07,456.23,821818.0,863850.0,34809000000.0,71.53,5.06,N/A
FANG,82.52,14.55,88.75,2133198.0,3184181.0,14219000000.0,,-28.59,N/A
DLR,134.58,105.0,165.49,2388739.0,1827333.0,37971000000.0,135.07,1.0,Overvalued
DFS,101.6,23.25,104.49,2593242.0,2597413.0,30890000000.0,28.01,3.6,Overvalued
DISCA,71.05,17.12,74.51,10934580.0,9426672.0,32167000000.0,51.92,1.42,Overvalued
DISCK,59.97,15.43,61.61,7158548.0,6172937.0,31664000000.0,42.91,1.42,Overvalued
DISH,37.33,17.09,38.82,5622507.0,5673830.0,20405000000.0,12.84,3.02,Undervalued
DG,194.48,135.04,225.25,2312527.0,2339037.0,47555000000.0,19.22,10.1,Undervalued
DLTR,108.56,60.2,115.45,1578225.0,1978010.0,25706000000.0,19.35,5.65,Overvalued
D,73.51,57.79,87.34,2839975.0,4242479.0,60053000000.0,,-0.57,Overvalued
DPZ,361.75,275.22,435.58,713999.0,658240.0,14085000000.0,29.3,12.39,Undervalued
DOV,135.25,62.95,136.05,737781.0,763830.0,19502000000.0,28.89,4.7,Overvalued
DOW,64.07,22.74,65.27,5106715.0,4211854.0,46875000000.0,38.35,1.64,Overvalued
DTE,127.36,71.21,135.6,1101334.0,951989.0,25384000000.0,18.51,7.08,Overvalued
DUK,91.88,62.13,98.88,3911399.0,2964557.0,70971000000.0,53.71,1.72,Overvalued
DRE,40.73,25.19,43.45,3064799.0,1883827.0,15377000000.0,51.11,0.81,Overvalued
DD,77.05,28.33,87.27,2648896.0,13499023.0,41277000000.0,,-4.02,Overvalued
DXC,29.0,7.9,30.14,1134802.0,3245623.0,7493000000.0,,-11.21,Overvalued
EMN,116.84,34.44,119.01,1107695.0,862908.0,15408000000.0,32.4,3.5,N/A
ETN,137.89,56.42,141.37,3192149.0,2157022.0,55555000000.0,39.99,3.49,N/A
EBAY,55.85,26.02,64.85,5807613.0,7857255.0,39241000000.0,7.31,7.89,N/A
ECL,213.48,124.6,231.36,579884.0,932079.0,61564000000.0,,-4.15,N/A
EIX,58.47,44.14,66.68,1305838.0,1981322.0,22594000000.0,30.09,1.98,N/A
EW,81.66,51.51,92.08,3764037.0,2528954.0,50673000000.0,62.42,1.3,N/A
EA,130.44,85.92,150.3,2181703.0,2867627.0,37647000000.0,32.36,4.05,N/A
EMR,91.75,37.75,93.38,2632490.0,2638064.0,54555000000.0,26.32,3.45,N/A
ENPH,165.01,21.49,229.04,3378129.0,4052520.0,23394000000.0,184.3,0.94,Overvalued
ETR,96.0,75.19,113.36,1487443.0,1550961.0,19673000000.0,14.22,6.9,Overvalued
EOG,74.17,27.0,77.15,2602439.0,4803932.0,43394000000.0,,-1.04,Overvalued
EFX,170.65,103.01,196.47,502783.0,741923.0,21148000000.0,40.96,4.24,Overvalued
EQIX,662.25,477.87,839.77,587405.0,585688.0,59783000000.0,160.18,4.18,Overvalued
EQR,73.57,45.43,75.5,3464550.0,2583318.0,27972000000.0,30.66,2.45,Overvalued
ESS,288.13,175.81,294.79,470659.0,458076.0,19093000000.0,33.81,8.69,Overvalued
EL,289.34,137.01,298.31,1417441.0,1431381.0,105037000000.0,114.58,2.53,Overvalued
ETSY,220.53,29.95,251.86,2578706.0,3467518.0,28138000000.0,82.95,2.69,Undervalued
EVRG,57.91,42.01,65.43,1869890.0,2075761.0,13433000000.0,21.76,2.72,Overvalued
ES,82.19,60.69,96.66,1395287.0,1559338.0,28383000000.0,23.31,3.55,Overvalued
RE,251.76,157.32,256.59,207197.0,235200.0,10237000000.0,20.03,12.78,Undervalued
EXC,42.87,29.28,46.02,4803246.0,5108091.0,42334000000.0,21.57,2.01,Overvalued
EXPE,176.78,40.76,177.3,2392203.0,3355884.0,25478000000.0,,-19.0,Overvalued
EXPD,100.92,52.55,102.82,1132199.0,1101623.0,17384000000.0,25.22,4.07,Overvalued
EXR,132.32,72.7,134.52,1057200.0,814420.0,17616000000.0,35.99,3.71,Overvalued
XOM,61.49,30.11,62.55,31092933.0,29910994.0,255660000000.0,,-5.25,N/A
FFIV,195.03,79.78,213.8,505155.0,734038.0,12250000000.0,41.34,4.81,N/A
FB,269.08,137.1,304.67,16856746.0,19605764.0,779550000000.0,27.13,10.09,N/A
FAST,47.58,26.72,51.89,4133295.0,3191274.0,27643000000.0,32.3,1.49,N/A
FRT,109.38,64.11,110.66,510695.0,785669.0,8412000000.000001,67.65,1.62,N/A
FDX,271.0,88.69,305.66,3039308.0,2812777.0,70742000000.0,28.82,9.26,N/A
FIS,146.18,91.68,156.73,2062147.0,4625974.0,90530000000.0,583.0,0.25,N/A
FITB,38.96,11.1,39.26,8084573.0,5492854.0,27318000000.0,20.99,1.83,N/A
FE,35.11,22.85,46.36,2822105.0,4860918.0,19148000000.0,17.71,1.99,Overvalued
FRC,174.1,70.06,180.35,697765.0,1025725.0,29720000000.0,29.36,5.81,Overvalued
FISV,124.2,73.5,126.25,2758169.0,4652594.0,83013000000.0,88.57,1.4,Overvalued
FLT,283.15,168.51,292.7,696625.0,629513.0,23578000000.0,34.81,8.12,Overvalued
FLIR,55.42,23.85,56.32,1368221.0,2444869.0,7319000000.0,34.86,1.6,Overvalued
FLS,41.17,18.98,42.14,1429002.0,952628.0,5337000000.0,46.03,0.89,Overvalued
FMC,110.0,56.77,123.66,1103017.0,916633.0,14541000000.0,26.59,4.22,Undervalued
F,13.39,3.96,13.62,63027787.0,79124581.0,52519000000.0,,-0.32,Overvalued
FTNT,188.88,72.02,192.24,1093572.0,1242928.0,31338000000.0,65.99,2.91,Undervalued
FTV,67.48,31.22,74.25,2633355.0,2207954.0,23239000000.0,15.3,4.49,Overvalued
FBHS,89.26,33.9,93.4,478740.0,907910.0,12562000000.0,22.99,3.94,Undervalued
FOXA,43.0,19.81,43.72,3657578.0,5756103.0,24505000000.0,16.9,2.53,Overvalued
FOX,40.35,19.13,40.74,908089.0,1754894.0,24613000000.0,15.87,2.53,Overvalued
BEN,28.83,14.91,30.0,4138361.0,3516354.0,15127000000.0,19.21,1.56,Overvalued
FCX,37.19,4.82,39.1,18028303.0,23121823.0,53962000000.0,90.15,0.41,Overvalued
GPS,31.27,5.26,32.95,7856101.0,7418769.0,12062000000.0,,-1.78,N/A
GRMN,127.65,61.04,133.43,519579.0,738328.0,24542000000.0,24.78,5.17,N/A
IT,185.76,76.91,191.66,418661.0,462000.0,16477000000.0,62.74,2.96,N/A
GD,176.5,100.55,177.02,949305.0,1423396.0,50586000000.0,16.06,,N/A
GE,12.74,5.48,14.42,111635335.0,86397927.0,117052000000.0,23.18,0.58,N/A
GIS,59.16,46.88,66.14,4422231.0,4451616.0,36087000000.0,15.13,3.9,N/A
GM,59.31,14.33,59.62,19752505.0,24103349.0,83486000000.0,13.38,4.33,N/A
GPC,114.14,49.68,118.84,803085.0,841081.0,16748000000.000002,,-0.2,Overvalued
GILD,62.35,56.56,85.97,8780987.0,9306288.0,79253000000.0,643.57,0.1,Undervalued
GL,101.15,56.74,101.8,254914.0,456206.0,10450000000.0,14.81,6.83,Overvalued
GPN,214.21,105.54,216.46,1130610.0,1894203.0,63640000000.0,110.54,1.95,Overvalued
GS,349.44,130.85,352.42,2241224.0,3286779.0,119662000000.0,13.99,24.74,Undervalued
GWW,395.1,200.61,427.9,215628.0,342442.0,20937000000.0,31.18,12.82,Overvalued
HAL,24.09,4.25,24.74,8136447.0,11231754.0,21301000000.0,,-3.34,Overvalued
HBI,20.41,6.96,21.24,3333388.0,5550901.0,7189000000.0,,-0.21,Overvalued
HIG,55.32,19.04,57.54,3545674.0,2134630.0,20557000000.0,12.08,4.76,Undervalued
HAS,95.22,41.33,101.24,717693.0,900284.0,13379000000.0,60.13,1.62,Overvalued
HCA,189.76,58.38,194.01,1399671.0,1557254.0,65203000000.0,17.55,10.93,Undervalued
PEAK,31.87,18.63,33.12,5069294.0,3435711.0,17276000000.0,,,Overvalued
HSIC,66.85,41.85,74.89,1071499.0,981844.0,9719000000.0,24.22,2.82,Overvalued
HSY,153.37,109.88,155.49,773372.0,937416.0,31763000000.0,25.09,6.11,Overvalued
HES,71.97,26.06,76.24,1645686.0,2175511.0,21943000000.0,,-10.15,Overvalued
HPE,15.66,7.43,16.14,11595681.0,10652576.0,20883000000.0,,-0.33,N/A
HLT,126.96,44.3,128.92,1722983.0,2776957.0,35328000000.0,,-2.58,N/A
HFC,41.04,16.81,42.39,1509359.0,2466316.0,6583000000.0,,-3.72,N/A
HOLX,71.01,26.49,85.0,1639127.0,2007535.0,18531000000.0,13.66,5.26,N/A
HD,274.5,140.63,292.95,4356177.0,4316410.0,299876000000.0,23.33,11.94,N/A
HON,213.71,101.08,217.0,2545957.0,2662908.0,150367000000.0,32.17,6.72,N/A
HRL,48.5,41.7,52.97,1226571.0,2713213.0,26159000000.0,29.9,1.62,N/A
HST,17.39,7.86,18.12,7168474.0,8011772.0,12697000000.0,,-1.04,Overvalued
HWM,31.72,9.87,32.47,2013765.0,3565994.0,13798000000.0,,,Overvalued
HPQ,30.26,12.54,30.83,12805104.0,9338774.0,38383000000.0,13.09,2.35,Overvalued
HUM,408.84,208.25,474.7,637664.0,1095127.0,52386000000.0,16.04,25.31,Undervalued
HBAN,16.66,6.82,16.83,11314491.0,12768684.0,16869000000.0,23.91,0.69,Overvalued
HII,195.7,136.44,209.96,398716.0,390927.0,7982000000.0,11.57,17.14,Undervalued
IEX,199.56,104.56,211.71,315063.0,406393.0,15441000000.0,41.19,4.94,Overvalued
IDXX,499.89,168.65,573.99,317537.0,451849.0,43803000000.0,76.42,6.71,Overvalued
INFO,94.48,44.81,101.45,4766905.0,3154811.0,38208000000.0,44.4,2.17,Overvalued
ITW,215.94,115.94,224.69,1245482.0,1004784.0,69574000000.0,33.14,6.63,Overvalued
ILMN,404.31,196.78,555.77,943490.0,1106818.0,61325000000.0,94.45,4.45,Overvalued
INCY,79.49,62.48,110.37,830312.0,1239584.0,17730000000.0,,-1.36,Overvalued
IR,49.53,17.01,51.61,1697249.0,2082440.0,21257000000.0,,-0.09,Undervalued
INTC,63.61,43.61,65.11,21251484.0,38103886.0,259178999999.99997,12.91,4.94,Undervalued
ICE,115.37,63.51,119.02,1756596.0,2404566.0,64967000000.0,30.68,3.77,Overvalued
IBM,127.77,90.56,135.88,3421281.0,6602554.0,114898000000.0,20.63,6.23,Overvalued
IP,54.01,26.38,56.98,3554731.0,3058196.0,21012000000.0,43.81,1.22,N/A
IPG,29.61,11.63,29.8,4319271.0,3766472.0,11431000000.0,32.88,0.89,N/A
IFF,134.55,92.14,143.09,1596999.0,5954910.0,34023000000.000004,42.61,3.21,N/A
INTU,393.37,187.68,423.74,1408188.0,1378474.0,108671000000.0,60.56,6.55,N/A
ISRG,727.32,360.5,826.81,400874.0,600962.0,87015000000.0,83.34,8.82,N/A
IVZ,25.74,6.38,26.0,4019331.0,4992672.0,11936000000.0,23.01,1.13,Overvalued
IPGP,210.38,100.92,262.55,175686.0,265676.0,11652000000.0,73.28,2.97,Overvalued
IQV,186.03,81.79,199.99,794377.0,939747.0,36560000000.0,133.32,1.43,Overvalued
IRM,36.85,21.0,41.32,2065421.0,3747179.0,10617000000.0,30.96,1.19,Overvalued
JKHY,151.0,123.64,200.98,324306.0,641498.0,11531000000.0,38.97,3.89,Overvalued
J,126.04,59.29,127.0,496145.0,664313.0,16375000000.0,,,Overvalued
JBHT,163.18,75.56,164.3,440185.0,660081.0,17067000000.0,34.06,4.74,Overvalued
SJM,121.8,93.41,131.69,772936.0,1171374.0,13383000000.0,14.52,8.41,Overvalued
JNJ,159.75,109.16,173.65,5526008.0,8218271.0,422339000000.0,29.11,5.51,Overvalued
JCI,61.52,22.78,62.4,3588803.0,4541935.0,44747000000.0,50.15,1.24,Overvalued
JPM,156.35,76.91,157.63,10210824.0,14328386.0,474113000000.0,17.5,8.88,Overvalued
JNPR,25.5,16.77,27.83,3484536.0,4986747.0,8477000000.0,33.55,0.77,Overvalued
KSU,215.64,92.86,223.59,542334.0,735986.0,19969000000.0,33.61,6.54,Overvalued
K,60.93,52.66,72.88,3588226.0,3317972.0,20428000000.0,16.53,3.63,Overvalued
KEY,21.25,7.45,21.81,13149714.0,7882571.0,20219000000.0,16.38,1.27,Overvalued
KEYS,136.63,77.93,155.5,662990.0,1480306.0,25463000000.0,40.64,3.37,Overvalued
KMB,133.99,110.66,160.16,2133373.0,2068994.0,45377000000.0,19.54,6.87,N/A
KIM,19.71,7.45,19.81,3880018.0,4882111.0,8528000000.0,8.76,2.25,N/A
KMI,16.42,9.42,17.97,12499682.0,17872789.0,36978000000.0,347.45,0.05,N/A
KLAC,293.47,110.19,342.21,1320782.0,1214000.0,46062000000.0,34.19,8.74,N/A
KHC,38.12,20.67,39.71,6923061.0,7210686.0,47129000000.0,132.86,0.29,N/A
KR,35.49,27.33,42.99,11772579.0,11479225.0,27154000000.0,10.97,3.27,N/A
LB,61.5,8.0,62.08,3173003.0,4274840.0,16892000000.0,20.25,3.0,Overvalued
LHX,192.14,142.01,209.77,746096.0,1311677.0,39469000000.0,26.12,7.35,Undervalued
LH,238.51,98.02,252.45,530659.0,753669.0,23417000000.0,15.11,15.88,Undervalued
LRCX,521.6,181.38,603.6,1067251.0,1606355.0,76706000000.0,26.66,20.14,Undervalued
LW,80.54,39.06,86.41,870803.0,874201.0,12111000000.0,40.97,2.02,Overvalued
LVS,64.1,33.3,66.77,7522742.0,6819244.0,50566000000.0,,-2.21,Overvalued
LEG,49.25,22.03,50.0,920555.0,1049677.0,6532000000.0,26.99,1.82,Overvalued
LDOS,94.92,68.0,113.75,764452.0,933811.0,13520000000.0,21.85,4.36,Overvalued
LEN,88.47,25.42,95.72,1954737.0,2850283.0,27456000000.0,11.48,7.85,Undervalued
LLY,193.01,117.06,218.0,12013707.0,4173459.0,181296000000.0,27.86,6.79,Undervalued
LNC,62.63,16.11,63.69,2511148.0,1672947.0,12216000000.0,24.86,2.56,Overvalued
LIN,265.1,146.8,274.58,1544009.0,1827469.0,140643000000.0,57.14,4.71,Overvalued
LYV,88.02,21.7,94.63,2095327.0,2427161.0,19659000000.0,,-8.12,Overvalued
LKQ,42.91,13.31,43.97,1923375.0,1927033.0,13133000000.0,20.72,2.09,Undervalued
LMT,344.38,266.11,417.62,2052554.0,1919866.0,96549000000.0,14.25,24.3,Undervalued
L,51.51,27.33,52.06,1161042.0,891771.0,13894000000.0,,-3.32,N/A
LOW,172.56,60.0,180.67,3745249.0,4154271.0,127340000000.0,22.48,7.75,N/A
LUMN,14.13,8.16,16.6,8842219.0,15455338.0,15564000000.0,,,N/A
LYB,108.43,35.6,110.97,1593249.0,1644888.0,35963000000.0,25.37,4.24,Overvalued
MTB,157.08,85.09,164.72,745645.0,865972.0,19977000000.0,15.63,9.94,Overvalued
MRO,12.25,3.02,13.29,19515936.0,28480876.0,9508000000.0,,-1.83,Overvalued
MPC,57.9,15.26,59.93,5901571.0,6165154.0,37683000000.0,,-15.14,Overvalued
MKTX,523.74,275.5,606.45,242494.0,286042.0,19963000000.0,66.93,7.85,Overvalued
MAR,152.49,46.56,159.98,2565604.0,2567284.0,49817000000.0,,-0.82,Overvalued
MMC,117.77,74.33,120.97,1356698.0,1720191.0,60403000000.0,30.17,3.94,Overvalued
MLM,342.65,135.08,353.56,302040.0,552249.0,21409000000.0,29.78,11.54,Undervalued
MAS,56.87,27.04,60.16,3048523.0,2061308.0,14781000000.0,12.49,4.6,Undervalued
MA,383.31,199.99,389.5,4216398.0,4375416.0,379226000000.0,59.93,6.37,Overvalued
MKC,87.17,56.12,105.54,1530737.0,1282847.0,23298000000.0,31.42,2.78,Overvalued
MXIM,87.96,41.93,98.44,2175823.0,1991372.0,23832000000.0,33.15,2.68,Overvalued
MCD,213.65,124.23,231.91,5279424.0,3164862.0,164369000000.0,34.94,6.31,Overvalued
MCK,186.66,113.71,189.72,987771.0,1032749.0,30062000000.0,,-25.42,Overvalued
MDT,119.12,72.13,120.53,3884239.0,4350832.0,160623000000.0,52.74,2.26,Overvalued
MRK,75.5,65.25,87.8,17137268.0,10811183.0,192886000000.0,27.42,2.78,Undervalued
MET,60.95,22.85,62.05,4872175.0,5768361.0,53542000000.0,10.66,5.68,N/A
MTD,1070.12,579.4,1271.67,110211.0,128847.0,25707000000.0,44.09,24.91,N/A
MGM,40.98,5.9,42.03,13891777.0,9573194.0,20269000000.0,,-2.02,N/A
MCHP,146.37,53.15,166.67,1635310.0,2183135.0,40271000000.0,118.89,1.26,N/A
MU,87.77,31.13,95.75,16155423.0,18610928.0,99394000000.0,33.52,2.65,N/A
MSFT,234.96,132.52,246.13,26042669.0,29738233.0,1771000000000.0,35.01,6.71,N/A
MAA,141.65,82.0,146.31,746310.0,694067.0,16584000000.0,66.05,2.19,N/A
MHK,189.04,56.62,192.57,429125.0,526701.0,13225000000.0,3.77,49.9,N/A
TAP,46.61,32.11,56.1,2890789.0,2431045.0,10336000000.0,,-4.38,Overvalued
MDLZ,57.0,41.19,60.0,6976840.0,7583393.0,82007000000.0,23.17,2.47,Overvalued
MPWR,332.49,130.12,406.75,340655.0,620233.0,15586000000.0,97.61,3.5,Overvalued
MNST,88.93,50.06,95.11,1468572.0,2041306.0,47168000000.0,33.83,2.64,Overvalued
MCO,291.59,164.19,305.96,680897.0,802110.0,55651000000.0,31.67,9.39,Undervalued
MS,84.9,27.2,85.08,7659158.0,11327035.0,157693000000.0,12.98,6.46,Undervalued
MOS,34.13,6.5,34.57,5797061.0,5738140.0,12980000000.0,19.57,1.75,Undervalued
MSI,179.84,120.77,184.88,473967.0,757737.0,30738000000.0,33.37,5.45,Overvalued
MSCI,414.37,218.65,455.81,307148.0,506635.0,34644000000.0,58.93,7.12,Overvalued
NDAQ,144.29,71.66,149.54,530884.0,899150.0,24059000000.0,26.12,5.59,Undervalued
NTAP,67.64,34.66,71.68,1655305.0,2092500.0,15315000000.0,26.07,2.64,Overvalued
NFLX,516.32,290.25,593.29,3485519.0,4716208.0,230416000000.0,85.57,6.08,Undervalued
NWL,25.64,10.44,26.89,2627477.0,3106381.0,11082000000.0,,-1.82,Overvalued
NEM,59.57,37.13,72.22,11255300.0,6505423.0,49155000000.0,17.49,3.51,Overvalued
NWSA,26.24,7.9,26.24,3511123.0,3405037.0,15169000000.0,,-1.46,Overvalued
NWS,24.93,7.88,25.03,530646.0,845672.0,15099000000.0,,-1.46,Overvalued
NEE,75.49,43.7,87.69,7129202.0,8576361.0,148009000000.0,51.03,1.48,N/A
NLSN,26.03,11.62,26.69,5569946.0,4443349.0,9524000000.0,,-0.02,N/A
NKE,140.7,60.0,147.95,5406694.0,5718169.0,228496000000.0,81.7,1.77,N/A
NI,22.66,20.25,27.24,4011100.0,3285452.0,9025000000.0,,-0.19,N/A
NSC,261.38,112.62,264.86,983855.0,1154550.0,65565000000.0,33.21,7.84,N/A
NTRS,102.67,60.67,104.93,1243145.0,912796.0,21794000000.0,19.2,5.46,N/A
NOC,304.01,263.31,357.12,835821.0,1178671.0,50972000000.0,16.07,19.03,N/A
NLOK,21.53,15.12,24.4,2570580.0,6062883.0,12552000000.0,,,N/A
NCLH,31.23,7.03,34.49,26741655.0,20341769.0,11466000000.0,,-15.75,N/A
NOV,16.73,7.7,17.5,3203277.0,5087374.0,6572000000.0,,-6.62,Overvalued
NRG,41.73,19.54,44.08,3773929.0,3104400.0,10749000000.0,21.22,2.07,Overvalued
NUE,69.85,27.53,70.08,2708404.0,2434538.0,20714000000.0,29.39,2.37,Overvalued
NVDA,514.59,180.68,614.9,5563011.0,8174015.0,327143000000.0,76.47,6.9,Overvalued
NVR,4540.08,2043.01,4832.8,16913.0,25042.0,17192000000.0,20.3,230.11,Undervalued
ORLY,483.43,251.52,496.61,346422.0,651389.0,34002000000.000004,20.58,23.53,Undervalued
OXY,30.04,8.52,32.52,19584618.0,21246806.0,27295000000.0,,-17.06,Overvalued
ODFL,232.7,106.39,235.16,509489.0,680698.0,27128000000.0,40.84,5.68,Overvalued
OMC,77.45,44.5,77.94,1747370.0,1825867.0,16483000000.0,17.54,4.37,Overvalued
OKE,51.6,12.16,51.91,2531640.0,3055120.0,22823000000.0,36.15,1.42,Overvalued
ORCL,66.95,41.66,73.62,8780378.0,12323061.0,195302000000.0,16.21,4.18,Overvalued
OTIS,65.94,38.0,68.21,1495730.0,2575835.0,28887000000.0,,,Overvalued
PCAR,96.91,49.11,103.19,1453234.0,1880274.0,34499000000.0,26.59,3.74,Overvalued
PKG,136.66,74.26,148.14,996118.0,656767.0,12777000000.0,27.84,4.84,Overvalued
PH,311.85,93.0,315.49,737082.0,955822.0,40649000000.0,28.59,11.02,Overvalued
PAYX,95.18,47.87,99.95,1429518.0,1845735.0,35252000000.0,33.36,2.93,N/A
PAYC,384.59,163.42,471.08,322935.0,442222.0,23705000000.0,160.1,2.46,N/A
PYPL,251.42,82.07,309.14,7065138.0,9793350.0,292772000000.0,70.62,3.54,N/A
PNR,59.35,22.01,61.11,1103713.0,1039047.0,10143000000.0,28.56,2.14,N/A
PBCT,18.41,9.37,19.4,3799286.0,5660759.0,7749000000.0,37.24,0.49,N/A
PEP,133.56,101.42,148.77,5179408.0,5096722.0,183530000000.0,25.98,5.12,Overvalued
PKI,122.77,62.91,162.7,1147987.0,1031793.0,14190000000.0,19.49,6.5,Undervalued
PRGO,41.17,38.2,58.83,913427.0,1455013.0,5563000000.0,,-1.2,Overvalued
PFE,35.01,26.45,43.08,21890856.0,34874532.0,197523000000.0,20.74,1.71,Overvalued
PM,88.0,56.01,88.36,4875254.0,4751718.0,136556999999.99998,16.99,5.16,Undervalued
PSX,88.46,40.04,90.59,1702375.0,2990240.0,38380000000.0,,-9.06,Overvalued
PNW,78.53,60.05,91.88,845687.0,863003.0,9062000000.0,16.51,4.87,Overvalued
PXD,165.62,48.62,166.82,1777237.0,2745881.0,35900000000.0,,-1.21,Overvalued
PNC,180.79,79.41,181.53,1851092.0,1962723.0,75700000000.0,10.52,16.97,Overvalued
POOL,342.31,160.35,401.29,255267.0,355840.0,13983000000.0,38.75,8.97,Undervalued
PPG,144.76,69.77,153.81,1530417.0,1426440.0,34369000000.0,32.57,4.45,Overvalued
PPL,27.82,18.12,30.94,4459266.0,4775445.0,21724000000.0,14.79,1.91,Overvalued
PFG,61.3,23.31,61.95,1596781.0,1544116.0,16703000000.0,12.13,5.05,Overvalued
PG,128.39,94.34,146.92,7121983.0,7823003.0,316576000000.0,24.29,5.29,Overvalued
PGR,93.33,62.18,102.05,1869668.0,2927533.0,54697000000.0,9.67,9.66,Undervalued
PLD,101.24,59.82,112.37,2970741.0,2815350.0,76006000000.0,51.19,2.01,Overvalued
PRU,94.02,38.62,94.85,2095565.0,2297345.0,37239000000.0,,-1.0,Overvalued
PEG,57.85,34.75,62.15,1342571.0,2146998.0,29492000000.0,15.53,3.76,Overvalued
PSA,242.32,155.37,246.52,782844.0,839233.0,42383000000.0,38.55,6.29,N/A
PHM,48.12,17.12,50.23,3000409.0,3022352.0,13215000000.0,9.6,5.18,N/A
PVH,106.95,28.4,110.89,620057.0,941911.0,7710000000.0,,-15.99,N/A
QRVO,173.47,67.54,191.82,1038549.0,1436228.0,20194000000.0,42.89,4.16,N/A
PWR,88.18,23.77,88.97,893747.0,1208206.0,12294000000.0,28.94,3.07,N/A
QCOM,130.06,58.0,167.94,7801847.0,10013740.0,149543000000.0,22.5,5.85,N/A
DGX,121.61,73.02,134.71,866196.0,1403600.0,16463000000.000002,11.78,10.47,N/A
RL,123.8,59.82,129.75,1413858.0,1076359.0,9067000000.0,,-4.03,N/A
RJF,119.92,54.21,124.02,800538.0,781027.0,16565000000.000002,19.51,6.16,N/A
RTX,78.78,43.44,80.06,7868591.0,7206669.0,120631000000.0,,,Overvalued
O,63.23,38.0,66.8,3167089.0,3065505.0,23867000000.0,56.07,1.14,Overvalued
REG,59.26,31.8,60.15,1040612.0,1250710.0,10015000000.0,226.81,0.26,Overvalued
REGN,473.01,424.01,664.64,728813.0,1017577.0,51845000000.0,15.86,30.52,Undervalued
RF,21.69,6.94,22.61,10106594.0,8638267.0,20616000000.0,20.83,1.03,Undervalued
RSG,96.18,65.37,103.79,973435.0,1297822.0,30796000000.0,31.98,3.02,Overvalued
RMD,185.48,108.85,224.43,898800.0,622888.0,27223000000.0,39.06,4.79,Overvalued
RHI,77.89,32.38,83.5,1090298.0,1121681.0,8774000000.0,28.73,2.7,Overvalued
ROK,264.0,115.38,268.91,553351.0,703923.0,30788000000.0,23.71,11.18,Overvalued
ROL,33.03,20.48,43.0,1207113.0,1497701.0,16546000000.0,63.43,0.53,Overvalued
ROP,387.12,245.86,455.72,542738.0,613201.0,41017000000.0,43.53,8.98,Overvalued
ROST,122.62,56.3,127.08,2552246.0,2051391.0,44654000000.0,521.96,0.24,Overvalued
RCL,92.25,19.25,99.24,7784514.0,5279720.0,24069000000.0,,-27.05,Overvalued
SPGI,344.54,186.06,379.87,1511595.0,1859479.0,84604000000.0,36.39,9.66,Overvalued
CRM,211.85,115.29,284.5,5683026.0,7914844.0,195294000000.0,48.58,4.38,Overvalued
SBAC,260.32,205.2,328.37,620844.0,794742.0,29022000000.0,1264.19,0.21,Overvalued
SLB,29.15,11.87,30.41,7885087.0,14119901.0,40718000000.0,,-7.57,N/A
STX,77.13,39.02,78.0,2650444.0,3639805.0,17460000000.0,19.7,3.83,N/A
SEE,46.11,17.06,47.9,1155809.0,1152062.0,7097000000.0,14.22,3.22,N/A
SRE,129.1,88.0,137.47,2097790.0,1664972.0,39942000000.0,10.25,12.88,N/A
NOW,490.0,238.93,598.37,970073.0,1488857.0,97417000000.0,841.98,0.59,N/A
SHW,708.13,325.43,758.0,272705.0,491632.0,63960000000.0,32.47,22.08,N/A
SPG,118.15,42.25,121.92,3802848.0,3909072.0,39752000000.0,33.71,3.59,N/A
SWKS,173.6,69.31,195.82,1894084.0,2404128.0,29482000000.0,28.26,6.33,Overvalued
SLG,77.1,36.21,77.99,1130858.0,1404627.0,5303000000.0,15.26,5.01,Overvalued
SNA,216.94,90.72,223.0,624412.0,530466.0,12145000000.0,19.5,11.44,Overvalued
SO,60.0,41.96,64.93,3352633.0,3833174.0,64432000000.0,20.81,2.93,Overvalued
LUV,62.05,22.47,62.76,11166761.0,7935667.0,36681000000.0,,-5.44,Overvalued
SWK,190.62,70.0,195.0,888315.0,1269437.0,31075000000.0,24.86,7.77,Undervalued
SBUX,107.89,50.02,110.47,7111401.0,5941127.0,128208000000.0,191.73,0.57,Overvalued
STT,83.93,42.1,85.78,2386536.0,3015362.0,29434000000.0,13.24,6.32,Overvalued
STE,183.97,105.69,203.91,565264.0,580706.0,15966000000.0,37.2,5.03,Overvalued
SYK,241.4,124.54,250.02,966118.0,1169861.0,90758000000.0,57.44,4.2,Overvalued
SIVB,547.73,128.08,560.15,561795.0,437815.0,28645000000.0,24.1,22.87,Undervalued
SYF,42.83,12.15,43.24,6448617.0,6065518.0,25002000000.0,18.86,2.27,Overvalued
SNPS,229.48,104.9,300.91,858235.0,894969.0,35788000000.0,50.78,4.62,Overvalued
SYY,83.19,26.0,83.97,1985373.0,2522149.0,42487000000.0,,-0.66,Overvalued
TMUS,128.32,63.5,135.54,5601115.0,4625518.0,156133000000.0,47.46,2.65,Overvalued
TROW,172.9,82.51,179.62,1008180.0,1159067.0,39544000000.0,17.38,9.98,Undervalued
TTWO,171.77,100.0,214.91,828041.0,1448493.0,19485000000.0,39.63,4.27,N/A
TPR,44.42,10.18,46.42,4501493.0,4619032.0,12872000000.0,,-1.55,N/A
TGT,180.44,90.17,199.96,3446453.0,4002793.0,90299000000.0,20.96,8.64,N/A
TEL,131.94,48.62,135.53,1540328.0,1727200.0,44463000000.0,390.64,0.34,Overvalued
TDY,399.1,195.34,413.31,336523.0,333338.0,14777000000.0,37.58,10.62,Overvalued
TFX,422.47,221.27,434.98,254793.0,199815.0,20050000000.0,60.57,7.09,Overvalued
TER,113.52,42.87,147.9,2496757.0,2022223.0,19628000000.0,27.51,4.28,Undervalued
TSLA,694.09,70.1,900.4,29423479.0,39772988.0,679519000000.0,1106.16,0.64,Overvalued
TXN,173.47,94.15,181.8,3876751.0,4571900.0,161443000000.0,29.31,5.97,Overvalued
TXT,55.43,20.26,55.7,1088271.0,1094874.0,12549000000.0,40.96,1.35,Overvalued
TMO,447.42,250.21,532.57,1701845.0,1779340.0,178317000000.0,28.37,15.96,Undervalued
TJX,67.0,32.72,71.06,5224387.0,6958159.0,81667000000.0,971.71,0.07,Undervalued
TSCO,171.14,63.89,174.18,818149.0,1315077.0,19888000000.0,26.8,6.38,Undervalued
TT,163.82,70.0,168.12,1020852.0,1211884.0,40054000000.0,,,Overvalued
TDG,621.05,200.06,626.0,226094.0,276684.0,33768000000.0,93.98,6.57,Overvalued
TRV,155.97,76.99,159.04,873687.0,1369206.0,39683000000.0,14.96,10.52,Undervalued
TRMB,74.65,20.01,77.69,979931.0,2269071.0,18944000000.0,48.7,1.55,Overvalued
TFC,59.86,25.51,61.26,6236696.0,5846986.0,80131000000.0,,,N/A
TWTR,68.24,20.0,80.75,15428943.0,21261398.0,56094000000.0,,-1.44,N/A
TYL,411.14,247.22,479.79,303579.0,325628.0,17246000000.0,90.62,4.69,N/A
TSN,75.6,42.57,76.82,2337029.0,2357416.0,27931000000.0,13.82,5.54,N/A
UDR,45.41,29.2,46.02,2192102.0,1778832.0,13535000000.0,228.0,0.2,N/A
ULTA,318.38,124.05,351.0,1200622.0,793928.0,18169000000.0,103.69,3.11,N/A
USB,54.64,28.36,54.75,6122369.0,7386271.0,81109000000.0,17.64,3.06,N/A
UAA,23.44,7.15,24.39,5628379.0,5477050.0,10069000000.0,,-1.21,Overvalued
UA,19.59,6.37,20.31,5353694.0,3785398.0,10098000000.0,,-1.21,Overvalued
UNP,214.25,105.08,221.28,2833650.0,2795171.0,142453000000.0,26.99,7.88,Overvalued
UAL,58.25,17.8,61.69,35374512.0,15431647.0,19408000000.0,,-25.3,Overvalued
UNH,356.92,187.72,367.95,2340729.0,3349013.0,334529000000.0,22.08,16.03,Undervalued
UPS,167.9,87.79,178.01,4522153.0,3543108.0,141015000000.0,105.61,1.54,Overvalued
URI,319.08,58.85,323.84,513596.0,771410.0,23355000000.0,26.51,12.2,Overvalued
UHS,137.24,65.2,143.84,412102.0,575386.0,11924000000.0,12.75,10.99,Undervalued
UNM,28.99,9.58,30.34,2433858.0,2498401.0,5872000000.0,7.41,3.89,Undervalued
VLO,82.71,31.0,84.39,2961236.0,4072681.0,33433000000.0,,-3.5,Overvalued
VAR,176.3,89.62,176.5,738511.0,713991.0,16193000000.000002,58.15,3.03,Overvalued
VTR,56.62,13.35,58.1,2218719.0,2141422.0,21258000000.0,48.5,1.17,Overvalued
VRSN,187.07,148.77,221.3,456617.0,628138.0,21530000000.0,26.93,7.07,Overvalued
VRSK,171.83,116.61,210.66,749712.0,1039340.0,28422000000.0,40.51,4.31,Overvalued
VZ,55.81,48.84,61.95,17836809.0,20128091.0,230247000000.0,12.94,4.3,Overvalued
VRTX,213.71,197.47,306.08,1577824.0,2023620.0,57100000000.0,21.35,10.29,N/A
VFC,78.83,45.07,89.68,3250664.0,2269757.0,31253000000.0,,-0.43,N/A
VIAC,94.71,10.1,101.97,32037526.0,16511711.0,59677000000.0,,,N/A
VTRS,14.27,13.25,19.24,9915013.0,11691249.0,17708000000.0,,,N/A
V,224.23,133.93,228.23,9280958.0,9528325.0,492277000000.0,46.09,4.84,N/A
VNT,31.12,26.36,39.0,3803451.0,2602625.0,5200000000.0,,,N/A
VNO,48.89,27.64,49.5,2577616.0,2548576.0,9265000000.0,,-1.83,Overvalued
VMC,171.96,65.56,175.02,568500.0,797774.0,22863000000.0,39.35,4.38,Overvalued
WRB,76.54,43.05,77.31,592899.0,808993.0,13671000000.0,27.43,2.81,Overvalued
WAB,78.1,35.07,84.32,720362.0,1271810.0,14658000000.0,35.76,2.17,Overvalued
WMT,134.74,106.85,153.66,8366025.0,9243479.0,377512000000.0,28.09,4.75,Overvalued
WBA,53.52,33.36,55.49,8962908.0,6499466.0,47566000000.0,,-0.8,Overvalued
DIS,198.54,79.07,203.02,10204709.0,11649135.0,357171000000.0,,-2.74,Overvalued
WM,121.11,85.34,125.56,1598230.0,1951664.0,51887000000.0,34.84,3.52,Overvalued
WAT,267.34,154.39,299.06,292773.0,358027.0,16986999999.999998,32.61,8.36,Undervalued
WEC,88.83,68.01,109.53,1151743.0,1367220.0,28045000000.0,23.46,3.79,Overvalued
WFC,40.07,20.76,40.23,25887755.0,36095083.0,164124000000.0,96.83,0.41,Overvalued
WELL,74.68,24.27,76.0,1650777.0,2485315.0,31116000000.0,32.0,2.33,Undervalued
WST,274.0,124.53,312.12,324274.0,489074.0,20454000000.0,60.4,4.57,Overvalued
WDC,68.44,27.4,72.98,3449233.0,5185808.0,20998000000.0,123.83,0.55,Overvalued
WU,24.77,17.39,25.73,5654516.0,4620088.0,10343000000.0,14.06,1.79,Overvalued
WRK,51.27,22.44,54.0,2301834.0,2202730.0,13458000000.0,,-2.61,N/A
WY,35.8,13.1,36.22,3457909.0,4479727.0,26987000000.0,33.82,1.07,N/A
WHR,208.94,64.0,214.68,539314.0,749988.0,13365000000.0,12.47,17.07,N/A
WMB,23.92,8.41,24.69,9864546.0,9013203.0,28730000000.0,139.24,0.17,N/A
WLTW,221.98,143.34,232.34,434683.0,1059213.0,28548000000.0,28.93,7.65,Undervalued
WYNN,139.82,35.84,143.88,3378504.0,2829832.0,16163000000.0,,-19.37,Overvalued
XEL,62.32,46.58,76.44,5217829.0,2712115.0,33909999999.999996,22.61,2.79,Overvalued
XRX,26.7,14.22,26.96,2518537.0,2405106.0,5177000000.0,31.02,0.84,Undervalued
XLNX,126.74,68.02,154.93,2256167.0,2610876.0,31610000000.0,51.47,2.5,Overvalued
XYL,102.15,54.62,108.84,854537.0,1080125.0,18768000000.0,74.33,1.4,Overvalued
YUM,105.24,54.95,110.66,1527862.0,1766574.0,32403000000.0,36.73,2.94,Overvalued
ZBRA,473.38,163.44,516.79,275967.0,384345.0,25563000000.0,51.13,9.35,Overvalued
ZBH,164.04,74.37,170.05,1077913.0,1276825.0,33563000000.000004,,-0.67,Overvalued
ZION,58.92,23.58,59.37,1238968.0,1455542.0,9478000000.0,19.11,3.02,Overvalued
ZTS,152.77,90.14,176.64,1915812.0,1984128.0,73598000000.0,45.27,3.42,Overvalued
